Timestamp,src_ip,src_data,geo_info,is_tor_relay,input_channel
2023-03-17 22:34:49.1679092489,208.54.21.194,{},"{'loc': '34.0522,-118.2437', 'org': 'AS21928 T-Mobile USA, Inc.', 'city': 'Los Angeles', 'ip': '208.54.21.194', 'region': 'California', 'country': 'US', 'timezone': 'America/Los_Angeles', 'postal': '90009', 'asn': {'route': '208.54.0.0/17', 'type': 'isp', 'asn': 'AS21928', 'domain': 't-mobile.com', 'name': 'T-Mobile USA, Inc.'}}",False,DNS
2023-03-17 22:39:00.1679092740,208.54.21.92,"{'generic_data': 'WPA2,-47,Bing Bong'}","{'loc': '34.0522,-118.2437', 'city': 'Los Angeles', 'ip': '208.54.21.92', 'region': 'California', 'timezone': 'America/Los_Angeles', 'country': 'US', 'org': 'AS21928 T-Mobile USA, Inc.', 'postal': '90009', 'asn': {'route': '208.54.0.0/17', 'type': 'isp', 'asn': 'AS21928', 'domain': 't-mobile.com', 'name': 'T-Mobile USA, Inc.'}}",False,DNS
2023-03-17 22:39:01.1679092741,208.54.21.194,{},"{'loc': '34.0522,-118.2437', 'city': 'Los Angeles', 'ip': '208.54.21.194', 'region': 'California', 'timezone': 'America/Los_Angeles', 'country': 'US', 'org': 'AS21928 T-Mobile USA, Inc.', 'postal': '90009', 'asn': {'route': '208.54.0.0/17', 'type': 'isp', 'asn': 'AS21928', 'domain': 't-mobile.com', 'name': 'T-Mobile USA, Inc.'}}",False,DNS
2023-03-17 22:51:14.1679093474,208.54.144.209,"{'generic_data': 'WPA2,-67,kpop1'}","{'loc': '47.6564,-122.3048', 'org': 'AS21928 T-Mobile USA, Inc.', 'city': 'Seattle', 'ip': '208.54.144.209', 'region': 'Washington', 'country': 'US', 'timezone': 'America/Los_Angeles', 'postal': '98195', 'asn': {'route': '208.54.144.0/20', 'type': 'isp', 'asn': 'AS21928', 'domain': 't-mobile.com', 'name': 'T-Mobile USA, Inc.'}}",False,DNS
2023-03-17 22:51:15.1679093475,208.54.21.92,"{'generic_data': 'WPA2,-67,kpop1'}","{'loc': '34.0522,-118.2437', 'org': 'AS21928 T-Mobile USA, Inc.', 'city': 'Los Angeles', 'ip': '208.54.21.92', 'region': 'California', 'country': 'US', 'timezone': 'America/Los_Angeles', 'postal': '90009', 'asn': {'route': '208.54.0.0/17', 'type': 'isp', 'asn': 'AS21928', 'domain': 't-mobile.com', 'name': 'T-Mobile USA, Inc.'}}",False,DNS
2023-03-17 22:51:16.1679093476,208.54.144.220,"{'generic_data': '0033.85931,-117.99755,03/17/23-22:51:07'}","{'loc': '47.6564,-122.3048', 'city': 'Seattle', 'ip': '208.54.144.220', 'region': 'Washington', 'timezone': 'America/Los_Angeles', 'country': 'US', 'org': 'AS21928 T-Mobile USA, Inc.', 'postal': '98195', 'asn': {'route': '208.54.144.0/20', 'type': 'isp', 'asn': 'AS21928', 'domain': 't-mobile.com', 'name': 'T-Mobile USA, Inc.'}}",False,DNS
2023-03-17 22:51:48.1679093508,151.164.110.175,"{'generic_data': 'WPA2,-82,VR Universe'}","{'loc': '47.6740,-122.1215', 'city': 'Redmond', 'ip': '151.164.110.175', 'region': 'Washington', 'timezone': 'America/Los_Angeles', 'country': 'US', 'org': 'AS7018 AT&T Services, Inc.', 'postal': '98052', 'asn': {'route': '151.164.0.0/16', 'type': 'isp', 'asn': 'AS7018', 'domain': 'att.com', 'name': 'AT&T Services, Inc.'}}",False,DNS
2023-03-17 22:51:49.1679093509,12.121.89.144,"{'generic_data': '0033.85944,-117.99767,03/17/23-22:51:38'}","{'loc': '34.0522,-118.2437', 'org': 'AS7018 AT&T Services, Inc.', 'city': 'Los Angeles', 'ip': '12.121.89.144', 'region': 'California', 'country': 'US', 'timezone': 'America/Los_Angeles', 'postal': '90009', 'asn': {'route': '12.0.0.0/9', 'type': 'isp', 'asn': 'AS7018', 'domain': 'att.com', 'name': 'AT&T Services, Inc.'}}",False,DNS
2023-03-17 22:51:52.1679093512,12.121.113.207,"{'generic_data': 'WPA2,-82,VR Universe'}","{'loc': '37.3394,-121.8950', 'city': 'San Jose', 'ip': '12.121.113.207', 'region': 'California', 'timezone': 'America/Los_Angeles', 'country': 'US', 'org': 'AS7018 AT&T Services, Inc.', 'postal': '95103', 'asn': {'route': '12.0.0.0/9', 'type': 'isp', 'asn': 'AS7018', 'domain': 'att.com', 'name': 'AT&T Services, Inc.'}}",False,DNS
2023-03-17 22:55:26.1679093726,204.194.237.208,"{'generic_data': 'WPA2,-82,Pizza Hut Guest Wifi'}","{'loc': '34.0522,-118.2437', 'org': 'AS36692 Cisco OpenDNS, LLC', 'city': 'Los Angeles', 'country': 'US', 'region': 'California', 'hostname': 'r2.lax.compute.lax1.edc.strln.net', 'ip': '204.194.237.208', 'timezone': 'America/Los_Angeles', 'postal': '90009', 'asn': {'route': '204.194.237.0/24', 'type': 'isp', 'asn': 'AS36692', 'domain': 'opendns.com', 'name': 'Cisco OpenDNS, LLC'}}",False,DNS
2023-03-17 22:55:27.1679093727,204.194.237.208,"{'generic_data': '0033.86100,-117.99812,03/17/23-22:55:19'}","{'loc': '34.0522,-118.2437', 'org': 'AS36692 Cisco OpenDNS, LLC', 'city': 'Los Angeles', 'country': 'US', 'region': 'California', 'hostname': 'r2.lax.compute.lax1.edc.strln.net', 'ip': '204.194.237.208', 'timezone': 'America/Los_Angeles', 'postal': '90009', 'asn': {'route': '204.194.237.0/24', 'type': 'isp', 'asn': 'AS36692', 'domain': 'opendns.com', 'name': 'Cisco OpenDNS, LLC'}}",False,DNS
2023-03-17 22:59:35.1679093975,172.69.32.43,{},"{'loc': '34.0522,-118.2437', 'org': 'AS13335 Cloudflare, Inc.', 'city': 'Los Angeles', 'ip': '172.69.32.43', 'region': 'California', 'country': 'US', 'timezone': 'America/Los_Angeles', 'postal': '90009', 'asn': {'route': '172.69.32.0/24', 'type': 'hosting', 'asn': 'AS13335', 'domain': 'cloudflare.com', 'name': 'Cloudflare, Inc.'}}",False,DNS
2023-03-17 22:59:36.1679093976,172.69.32.121,{},"{'loc': '34.0522,-118.2437', 'city': 'Los Angeles', 'ip': '172.69.32.121', 'region': 'California', 'timezone': 'America/Los_Angeles', 'country': 'US', 'org': 'AS13335 Cloudflare, Inc.', 'postal': '90009', 'asn': {'route': '172.69.32.0/24', 'type': 'hosting', 'asn': 'AS13335', 'domain': 'cloudflare.com', 'name': 'Cloudflare, Inc.'}}",False,DNS
2023-03-17 23:07:34.1679094454,172.253.0.1,"{'generic_data': ""AUTO,-81,Carl's Jr. Guest WiFi""}","{'loc': '34.0522,-118.2437', 'org': 'AS15169 Google LLC', 'city': 'Los Angeles', 'ip': '172.253.0.1', 'region': 'California', 'country': 'US', 'timezone': 'America/Los_Angeles', 'postal': '90009', 'asn': {'route': '172.253.0.0/16', 'type': 'hosting', 'asn': 'AS15169', 'domain': 'google.com', 'name': 'Google LLC'}}",False,DNS
2023-03-17 23:07:35.1679094455,172.253.9.197,"{'generic_data': '0033.87263,-117.99809,03/17/23-23:07:28'}","{'loc': '34.0522,-118.2437', 'city': 'Los Angeles', 'ip': '172.253.9.197', 'region': 'California', 'timezone': 'America/Los_Angeles', 'country': 'US', 'org': 'AS15169 Google LLC', 'postal': '90009', 'asn': {'route': '172.253.0.0/16', 'type': 'hosting', 'asn': 'AS15169', 'domain': 'google.com', 'name': 'Google LLC'}}",False,DNS
2023-03-17 23:08:06.1679094486,172.253.0.3,"{'generic_data': ""NONE,-81,Carl's Jr. Guest WiFi""}","{'loc': '34.0522,-118.2437', 'city': 'Los Angeles', 'ip': '172.253.0.3', 'region': 'California', 'timezone': 'America/Los_Angeles', 'country': 'US', 'org': 'AS15169 Google LLC', 'postal': '90009', 'asn': {'route': '172.253.0.0/16', 'type': 'hosting', 'asn': 'AS15169', 'domain': 'google.com', 'name': 'Google LLC'}}",False,DNS
2023-03-17 23:08:07.1679094487,74.125.181.130,"{'generic_data': '0033.87325,-117.99810,03/17/23-23:08:01'}","{'loc': '34.0522,-118.2437', 'org': 'AS15169 Google LLC', 'city': 'Los Angeles', 'ip': '74.125.181.130', 'region': 'California', 'country': 'US', 'timezone': 'America/Los_Angeles', 'postal': '90009', 'asn': {'route': '74.125.176.0/20', 'type': 'hosting', 'asn': 'AS15169', 'domain': 'google.com', 'name': 'Google LLC'}}",False,DNS
2023-03-17 23:08:17.1679094497,66.75.177.5,"{'generic_data': 'NONE,-65,Spectrum Free Trial'}","{'loc': '34.0298,-118.3528', 'org': 'AS20001 Charter Communications Inc', 'city': 'Los Angeles', 'country': 'US', 'region': 'California', 'hostname': 'lsaica-dns-cac-302.socal.rr.com', 'ip': '66.75.177.5', 'timezone': 'America/Los_Angeles', 'postal': '90016', 'asn': {'route': '66.75.0.0/16', 'type': 'isp', 'asn': 'AS20001', 'domain': 'charter.com', 'name': 'Charter Communications Inc'}}",False,DNS
2023-03-17 23:08:18.1679094498,66.75.177.6,"{'generic_data': '0033.87327,-117.99811,03/17/23-23:08:09'}","{'loc': '34.0298,-118.3528', 'org': 'AS20001 Charter Communications Inc', 'city': 'Los Angeles', 'country': 'US', 'region': 'California', 'hostname': 'lsaica-dns-cac-303.socal.rr.com', 'ip': '66.75.177.6', 'timezone': 'America/Los_Angeles', 'postal': '90016', 'asn': {'route': '66.75.0.0/16', 'type': 'isp', 'asn': 'AS20001', 'domain': 'charter.com', 'name': 'Charter Communications Inc'}}",False,DNS
2023-03-17 23:08:28.1679094508,172.253.2.2,"{'generic_data': ""NONE,-69,Carl's Jr. Guest WiFi""}","{'loc': '34.0522,-118.2437', 'org': 'AS15169 Google LLC', 'city': 'Los Angeles', 'ip': '172.253.2.2', 'region': 'California', 'country': 'US', 'timezone': 'America/Los_Angeles', 'postal': '90009', 'asn': {'route': '172.253.0.0/16', 'type': 'hosting', 'asn': 'AS15169', 'domain': 'google.com', 'name': 'Google LLC'}}",False,DNS
2023-03-17 23:08:29.1679094509,172.253.0.5,"{'generic_data': '0033.87329,-117.99811,03/17/23-23:08:23'}","{'loc': '34.0522,-118.2437', 'org': 'AS15169 Google LLC', 'city': 'Los Angeles', 'ip': '172.253.0.5', 'region': 'California', 'country': 'US', 'timezone': 'America/Los_Angeles', 'postal': '90009', 'asn': {'route': '172.253.0.0/16', 'type': 'hosting', 'asn': 'AS15169', 'domain': 'google.com', 'name': 'Google LLC'}}",False,DNS
2023-03-17 23:08:49.1679094529,172.253.9.196,"{'generic_data': ""WPA2,-86,Carl's Jr. Guest WiFi""}","{'loc': '34.0522,-118.2437', 'city': 'Los Angeles', 'ip': '172.253.9.196', 'region': 'California', 'timezone': 'America/Los_Angeles', 'country': 'US', 'org': 'AS15169 Google LLC', 'postal': '90009', 'asn': {'route': '172.253.0.0/16', 'type': 'hosting', 'asn': 'AS15169', 'domain': 'google.com', 'name': 'Google LLC'}}",False,DNS
2023-03-17 23:08:50.1679094530,172.253.9.196,"{'generic_data': '0033.87330,-117.99812,03/17/23-23:08:44'}","{'loc': '34.0522,-118.2437', 'org': 'AS15169 Google LLC', 'city': 'Los Angeles', 'ip': '172.253.9.196', 'region': 'California', 'country': 'US', 'timezone': 'America/Los_Angeles', 'postal': '90009', 'asn': {'route': '172.253.0.0/16', 'type': 'hosting', 'asn': 'AS15169', 'domain': 'google.com', 'name': 'Google LLC'}}",False,DNS
2023-03-17 23:08:59.1679094539,66.75.177.12,"{'generic_data': 'WPA2,-83,Spectrum Free Trial'}","{'loc': '34.0298,-118.3528', 'city': 'Los Angeles', 'country': 'US', 'region': 'California', 'hostname': 'lsaica-dns-cac-309.socal.rr.com', 'timezone': 'America/Los_Angeles', 'ip': '66.75.177.12', 'org': 'AS20001 Charter Communications Inc', 'postal': '90016', 'asn': {'route': '66.75.0.0/16', 'type': 'isp', 'asn': 'AS20001', 'domain': 'charter.com', 'name': 'Charter Communications Inc'}}",False,DNS
2023-03-17 23:09:00.1679094540,66.75.177.12,"{'generic_data': '0033.87331,-117.99813,03/17/23-23:08:52'}","{'loc': '34.0298,-118.3528', 'org': 'AS20001 Charter Communications Inc', 'city': 'Los Angeles', 'country': 'US', 'region': 'California', 'hostname': 'lsaica-dns-cac-309.socal.rr.com', 'ip': '66.75.177.12', 'timezone': 'America/Los_Angeles', 'postal': '90016', 'asn': {'route': '66.75.0.0/16', 'type': 'isp', 'asn': 'AS20001', 'domain': 'charter.com', 'name': 'Charter Communications Inc'}}",False,DNS
2023-03-17 23:09:01.1679094541,66.75.177.8,"{'generic_data': '0033.87331,-117.99813,03/17/23-23:08:52'}","{'loc': '34.0298,-118.3528', 'city': 'Los Angeles', 'country': 'US', 'region': 'California', 'hostname': 'lsaica-dns-cac-305.socal.rr.com', 'timezone': 'America/Los_Angeles', 'ip': '66.75.177.8', 'org': 'AS20001 Charter Communications Inc', 'postal': '90016', 'asn': {'route': '66.75.0.0/16', 'type': 'isp', 'asn': 'AS20001', 'domain': 'charter.com', 'name': 'Charter Communications Inc'}}",False,DNS
2023-03-17 23:22:38.1679095358,63.206.126.135,"{'generic_data': 'NONE,-80,Employee'}","{'loc': '38.5471,-122.8164', 'city': 'Windsor', 'country': 'US', 'region': 'California', 'hostname': 'smtp.jfwmail.com', 'timezone': 'America/Los_Angeles', 'ip': '63.206.126.135', 'org': 'AS7018 AT&T Services, Inc.', 'postal': '95492', 'asn': {'asn': 'AS7018', 'route': '63.192.0.0/12', 'type': 'isp', 'domain': 'att.com', 'name': 'AT&T Services, Inc.'}}",False,DNS
2023-03-17 23:22:39.1679095359,63.206.126.135,"{'generic_data': '0033.87637,-118.00997,03/17/23-23:22:32'}","{'loc': '38.5471,-122.8164', 'city': 'Windsor', 'country': 'US', 'region': 'California', 'hostname': 'smtp.jfwmail.com', 'timezone': 'America/Los_Angeles', 'ip': '63.206.126.135', 'org': 'AS7018 AT&T Services, Inc.', 'postal': '95492', 'asn': {'asn': 'AS7018', 'route': '63.192.0.0/12', 'type': 'isp', 'domain': 'att.com', 'name': 'AT&T Services, Inc.'}}",False,DNS
2023-03-17 23:37:12.1679096232,74.125.181.133,"{'generic_data': 'WPA2,-68,ILG-Guest'}","{'loc': '34.0522,-118.2437', 'city': 'Los Angeles', 'ip': '74.125.181.133', 'region': 'California', 'timezone': 'America/Los_Angeles', 'country': 'US', 'org': 'AS15169 Google LLC', 'postal': '90009', 'asn': {'route': '74.125.176.0/20', 'type': 'hosting', 'asn': 'AS15169', 'domain': 'google.com', 'name': 'Google LLC'}}",False,DNS
2023-03-17 23:39:55.1679096395,172.253.223.195,"{'generic_data': 'WPA2,-85,ILG-Guest'}","{'loc': '38.8951,-77.0364', 'org': 'AS15169 Google LLC', 'city': 'Washington', 'ip': '172.253.223.195', 'region': 'Washington, D.C.', 'country': 'US', 'timezone': 'America/New_York', 'postal': '20004', 'asn': {'route': '172.253.0.0/16', 'type': 'hosting', 'asn': 'AS15169', 'domain': 'google.com', 'name': 'Google LLC'}}",False,DNS
2023-03-17 23:49:47.1679096987,172.253.0.2,"{'generic_data': '0033.88800,-118.01830,03/17/23-23:49:38'}","{'loc': '34.0522,-118.2437', 'city': 'Los Angeles', 'ip': '172.253.0.2', 'region': 'California', 'timezone': 'America/Los_Angeles', 'country': 'US', 'org': 'AS15169 Google LLC', 'postal': '90009', 'asn': {'route': '172.253.0.0/16', 'type': 'hosting', 'asn': 'AS15169', 'domain': 'google.com', 'name': 'Google LLC'}}",False,DNS
2023-03-17 23:50:32.1679097032,172.253.2.2,"{'generic_data': 'WPA2,-89,ILG-Guest'}","{'loc': '34.0522,-118.2437', 'org': 'AS15169 Google LLC', 'city': 'Los Angeles', 'ip': '172.253.2.2', 'region': 'California', 'country': 'US', 'timezone': 'America/Los_Angeles', 'postal': '90009', 'asn': {'route': '172.253.0.0/16', 'type': 'hosting', 'asn': 'AS15169', 'domain': 'google.com', 'name': 'Google LLC'}}",False,DNS
2023-03-17 23:50:33.1679097033,172.253.2.3,"{'generic_data': '0033.88799,-118.01971,00/00/00-23:50:25'}","{'loc': '34.0522,-118.2437', 'city': 'Los Angeles', 'ip': '172.253.2.3', 'region': 'California', 'timezone': 'America/Los_Angeles', 'country': 'US', 'org': 'AS15169 Google LLC', 'postal': '90009', 'asn': {'route': '172.253.0.0/16', 'type': 'hosting', 'asn': 'AS15169', 'domain': 'google.com', 'name': 'Google LLC'}}",False,DNS
2023-03-17 23:57:12.1679097432,204.194.237.67,"{'generic_data': 'WPA2,-65,Starbucks WiFi'}","{'loc': '34.0522,-118.2437', 'org': 'AS36692 Cisco OpenDNS, LLC', 'city': 'Los Angeles', 'country': 'US', 'region': 'California', 'hostname': 'm27.lax.opendns.com', 'ip': '204.194.237.67', 'timezone': 'America/Los_Angeles', 'postal': '90009', 'asn': {'route': '204.194.237.0/24', 'type': 'isp', 'asn': 'AS36692', 'domain': 'opendns.com', 'name': 'Cisco OpenDNS, LLC'}}",False,DNS
2023-03-17 23:57:13.1679097433,204.194.237.67,"{'generic_data': '0033.88781,-118.02946,03/17/23-23:57:07'}","{'loc': '34.0522,-118.2437', 'org': 'AS36692 Cisco OpenDNS, LLC', 'city': 'Los Angeles', 'country': 'US', 'region': 'California', 'hostname': 'm27.lax.opendns.com', 'ip': '204.194.237.67', 'timezone': 'America/Los_Angeles', 'postal': '90009', 'asn': {'route': '204.194.237.0/24', 'type': 'isp', 'asn': 'AS36692', 'domain': 'opendns.com', 'name': 'Cisco OpenDNS, LLC'}}",False,DNS
2023-03-17 23:57:14.1679097434,204.194.237.67,"{'generic_data': '0033.88781,-118.02946,03/17/23-23:57:07'}","{'loc': '34.0522,-118.2437', 'city': 'Los Angeles', 'country': 'US', 'region': 'California', 'hostname': 'm27.lax.opendns.com', 'timezone': 'America/Los_Angeles', 'ip': '204.194.237.67', 'org': 'AS36692 Cisco OpenDNS, LLC', 'postal': '90009', 'asn': {'asn': 'AS36692', 'route': '204.194.237.0/24', 'type': 'isp', 'domain': 'opendns.com', 'name': 'Cisco OpenDNS, LLC'}}",False,DNS
2023-03-18 00:09:05.1679098145,204.194.237.67,"{'generic_data': '0033.88781,-118.02952,03/18/23-00:08:47'}","{'loc': '34.0522,-118.2437', 'org': 'AS36692 Cisco OpenDNS, LLC', 'city': 'Los Angeles', 'country': 'US', 'region': 'California', 'hostname': 'm27.lax.opendns.com', 'ip': '204.194.237.67', 'timezone': 'America/Los_Angeles', 'postal': '90009', 'asn': {'route': '204.194.237.0/24', 'type': 'isp', 'asn': 'AS36692', 'domain': 'opendns.com', 'name': 'Cisco OpenDNS, LLC'}}",False,DNS
2023-03-18 00:09:32.1679098172,208.69.34.93,{},"{'loc': '51.5085,-0.1257', 'city': 'London', 'country': 'GB', 'region': 'England', 'hostname': 'r5.compute.lon1.edc.strln.net', 'timezone': 'Europe/London', 'ip': '208.69.34.93', 'org': 'AS36692 Cisco OpenDNS, LLC', 'postal': 'EC1A', 'asn': {'route': '208.69.34.0/24', 'type': 'isp', 'asn': 'AS36692', 'domain': 'opendns.com', 'name': 'Cisco OpenDNS, LLC'}}",False,DNS
2023-03-18 00:09:33.1679098173,208.69.34.75,{},"{'loc': '51.5085,-0.1257', 'city': 'London', 'country': 'GB', 'region': 'England', 'hostname': 'm61.lon.opendns.com', 'timezone': 'Europe/London', 'ip': '208.69.34.75', 'org': 'AS36692 Cisco OpenDNS, LLC', 'postal': 'EC1A', 'asn': {'route': '208.69.34.0/24', 'type': 'isp', 'asn': 'AS36692', 'domain': 'opendns.com', 'name': 'Cisco OpenDNS, LLC'}}",False,DNS
2023-03-18 00:09:34.1679098174,208.69.34.69,"{'generic_data': '0033.88782,-118.02951,03/18/23-00:09:27'}","{'loc': '51.5085,-0.1257', 'org': 'AS36692 Cisco OpenDNS, LLC', 'city': 'London', 'country': 'GB', 'region': 'England', 'hostname': 'm37.lon.opendns.com', 'ip': '208.69.34.69', 'timezone': 'Europe/London', 'postal': 'EC1A', 'asn': {'route': '208.69.34.0/24', 'type': 'isp', 'asn': 'AS36692', 'domain': 'opendns.com', 'name': 'Cisco OpenDNS, LLC'}}",False,DNS
2023-03-18 00:09:52.1679098192,208.69.34.64,"{'generic_data': 'NONE,-69,Starbucks WiFi'}","{'loc': '51.5085,-0.1257', 'city': 'London', 'country': 'GB', 'region': 'England', 'hostname': 'm17.lon.opendns.com', 'timezone': 'Europe/London', 'ip': '208.69.34.64', 'org': 'AS36692 Cisco OpenDNS, LLC', 'postal': 'EC1A', 'asn': {'route': '208.69.34.0/24', 'type': 'isp', 'asn': 'AS36692', 'domain': 'opendns.com', 'name': 'Cisco OpenDNS, LLC'}}",False,DNS
2023-03-18 00:09:53.1679098193,208.69.34.66,"{'generic_data': '0033.88779,-118.02959,03/18/23-00:09:47'}","{'loc': '51.5085,-0.1257', 'city': 'London', 'country': 'GB', 'region': 'England', 'hostname': 'm25.lon.opendns.com', 'timezone': 'Europe/London', 'ip': '208.69.34.66', 'org': 'AS36692 Cisco OpenDNS, LLC', 'postal': 'EC1A', 'asn': {'route': '208.69.34.0/24', 'type': 'isp', 'asn': 'AS36692', 'domain': 'opendns.com', 'name': 'Cisco OpenDNS, LLC'}}",False,DNS
2023-03-18 00:10:25.1679098225,204.194.237.67,"{'generic_data': 'WPA2,-64,Starbucks WiFi'}","{'loc': '34.0522,-118.2437', 'city': 'Los Angeles', 'country': 'US', 'region': 'California', 'hostname': 'm27.lax.opendns.com', 'timezone': 'America/Los_Angeles', 'ip': '204.194.237.67', 'org': 'AS36692 Cisco OpenDNS, LLC', 'postal': '90009', 'asn': {'route': '204.194.237.0/24', 'type': 'isp', 'asn': 'AS36692', 'domain': 'opendns.com', 'name': 'Cisco OpenDNS, LLC'}}",False,DNS
2023-03-18 00:10:26.1679098226,204.194.237.67,"{'generic_data': '0033.88781,-118.02962,03/18/23-00:10:20'}","{'loc': '34.0522,-118.2437', 'org': 'AS36692 Cisco OpenDNS, LLC', 'city': 'Los Angeles', 'country': 'US', 'region': 'California', 'hostname': 'm27.lax.opendns.com', 'ip': '204.194.237.67', 'timezone': 'America/Los_Angeles', 'postal': '90009', 'asn': {'route': '204.194.237.0/24', 'type': 'isp', 'asn': 'AS36692', 'domain': 'opendns.com', 'name': 'Cisco OpenDNS, LLC'}}",False,DNS
2023-03-18 00:19:16.1679098756,172.217.36.7,"{'generic_data': 'AUTO,-66,Transatlantic'}","{'loc': '33.7490,-84.3880', 'org': 'AS15169 Google LLC', 'city': 'Atlanta', 'ip': '172.217.36.7', 'region': 'Georgia', 'country': 'US', 'timezone': 'America/New_York', 'postal': '30302', 'asn': {'route': '172.217.0.0/16', 'type': 'hosting', 'asn': 'AS15169', 'domain': 'google.com', 'name': 'Google LLC'}}",False,DNS
2023-03-18 00:19:17.1679098757,172.253.218.202,"{'generic_data': 'AUTO,-66,Transatlantic'}","{'loc': '41.6005,-93.6091', 'city': 'Des Moines', 'ip': '172.253.218.202', 'region': 'Iowa', 'timezone': 'America/Chicago', 'country': 'US', 'org': 'AS15169 Google LLC', 'postal': '50307', 'asn': {'route': '172.253.0.0/16', 'type': 'hosting', 'asn': 'AS15169', 'domain': 'google.com', 'name': 'Google LLC'}}",False,DNS
2023-03-18 00:19:18.1679098758,74.125.179.204,"{'generic_data': '0033.87803,-118.02897,03/18/23-00:19:08'}","{'loc': '41.6005,-93.6091', 'city': 'Des Moines', 'ip': '74.125.179.204', 'region': 'Iowa', 'timezone': 'America/Chicago', 'country': 'US', 'org': 'AS15169 Google LLC', 'postal': '50307', 'asn': {'route': '74.125.176.0/20', 'type': 'hosting', 'asn': 'AS15169', 'domain': 'google.com', 'name': 'Google LLC'}}",False,DNS
2023-03-18 00:19:19.1679098759,172.253.218.204,"{'generic_data': '0033.87803,-118.02897,03/18/23-00:19:08'}","{'loc': '41.5005,-94.6436', 'city': 'Adair', 'ip': '172.253.218.204', 'region': 'Iowa', 'timezone': 'America/Chicago', 'country': 'US', 'org': 'AS15169 Google LLC', 'postal': '50002', 'asn': {'route': '172.253.0.0/16', 'type': 'hosting', 'asn': 'AS15169', 'domain': 'google.com', 'name': 'Google LLC'}}",False,DNS
2023-03-18 00:34:30.1679099670,172.217.37.205,"{'generic_data': 'NONE,-89,WestRockGuest'}","{'loc': '41.6005,-93.6091', 'city': 'Des Moines', 'ip': '172.217.37.205', 'region': 'Iowa', 'timezone': 'America/Chicago', 'country': 'US', 'org': 'AS15169 Google LLC', 'postal': '50307', 'asn': {'route': '172.217.0.0/16', 'type': 'hosting', 'asn': 'AS15169', 'domain': 'google.com', 'name': 'Google LLC'}}",False,DNS
2023-03-18 00:34:31.1679099671,74.125.183.136,"{'generic_data': '0033.86777,-118.02856,00/00/00-00:34:19'}","{'loc': '41.2616,-95.8251', 'org': 'AS15169 Google LLC', 'city': 'Council Bluffs', 'ip': '74.125.183.136', 'region': 'Iowa', 'country': 'US', 'timezone': 'America/Chicago', 'postal': '51503', 'asn': {'route': '74.125.176.0/20', 'type': 'hosting', 'asn': 'AS15169', 'domain': 'google.com', 'name': 'Google LLC'}}",False,DNS
2023-03-18 00:41:20.1679100080,124.243.17.120,"{'generic_data': 'AUTO,-84,Lotte Chemical Guest'}","{'loc': '37.5660,126.9784', 'org': 'AS9842 Lotte Data Communication Company', 'city': 'Seoul', 'ip': '124.243.17.120', 'region': 'Seoul', 'country': 'KR', 'timezone': 'Asia/Seoul', 'postal': '03141', 'asn': {'route': '124.243.16.0/20', 'type': 'isp', 'asn': 'AS9842', 'domain': 'lotte.net', 'name': 'Lotte Data Communication Company'}}",False,DNS
2023-03-18 00:41:48.1679100108,66.75.177.14,"{'generic_data': 'WPA2,-82,Spectrum Free Trial'}","{'loc': '34.0298,-118.3528', 'org': 'AS20001 Charter Communications Inc', 'city': 'Los Angeles', 'country': 'US', 'region': 'California', 'hostname': 'lsaica-dns-cac-311.socal.rr.com', 'ip': '66.75.177.14', 'timezone': 'America/Los_Angeles', 'postal': '90016', 'asn': {'route': '66.75.0.0/16', 'type': 'isp', 'asn': 'AS20001', 'domain': 'charter.com', 'name': 'Charter Communications Inc'}}",False,DNS
2023-03-18 00:41:49.1679100109,66.75.177.4,"{'generic_data': '0033.85927,-118.02847,03/18/23-00:41:36'}","{'loc': '34.0298,-118.3528', 'city': 'Los Angeles', 'country': 'US', 'region': 'California', 'hostname': 'lsaica-dns-cac-301.socal.rr.com', 'timezone': 'America/Los_Angeles', 'ip': '66.75.177.4', 'org': 'AS20001 Charter Communications Inc', 'postal': '90016', 'asn': {'route': '66.75.0.0/16', 'type': 'isp', 'asn': 'AS20001', 'domain': 'charter.com', 'name': 'Charter Communications Inc'}}",False,DNS
2023-03-18 00:43:10.1679100190,66.75.177.15,"{'generic_data': 'NONE,-68,Spectrum Free Trial'}","{'loc': '34.0298,-118.3528', 'org': 'AS20001 Charter Communications Inc', 'city': 'Los Angeles', 'country': 'US', 'region': 'California', 'hostname': 'lsaica-dns-cac-312.socal.rr.com', 'ip': '66.75.177.15', 'timezone': 'America/Los_Angeles', 'postal': '90016', 'asn': {'route': '66.75.0.0/16', 'type': 'isp', 'asn': 'AS20001', 'domain': 'charter.com', 'name': 'Charter Communications Inc'}}",False,DNS
2023-03-18 00:43:11.1679100191,66.75.177.15,"{'generic_data': 'NONE,-68,Spectrum Free Trial'}","{'loc': '34.0298,-118.3528', 'org': 'AS20001 Charter Communications Inc', 'city': 'Los Angeles', 'country': 'US', 'region': 'California', 'hostname': 'lsaica-dns-cac-312.socal.rr.com', 'ip': '66.75.177.15', 'timezone': 'America/Los_Angeles', 'postal': '90016', 'asn': {'route': '66.75.0.0/16', 'type': 'isp', 'asn': 'AS20001', 'domain': 'charter.com', 'name': 'Charter Communications Inc'}}",False,DNS
2023-03-18 00:43:12.1679100192,66.75.177.15,"{'generic_data': '0033.85896,-118.02634,03/18/23-00:43:03'}","{'loc': '34.0298,-118.3528', 'org': 'AS20001 Charter Communications Inc', 'city': 'Los Angeles', 'country': 'US', 'region': 'California', 'hostname': 'lsaica-dns-cac-312.socal.rr.com', 'ip': '66.75.177.15', 'timezone': 'America/Los_Angeles', 'postal': '90016', 'asn': {'route': '66.75.0.0/16', 'type': 'isp', 'asn': 'AS20001', 'domain': 'charter.com', 'name': 'Charter Communications Inc'}}",False,DNS
2023-03-18 00:45:13.1679100313,172.253.8.143,"{'generic_data': 'WPA2,-81,EvoquaGuest'}","{'loc': '38.8951,-77.0364', 'org': 'AS15169 Google LLC', 'city': 'Washington', 'ip': '172.253.8.143', 'region': 'Washington, D.C.', 'country': 'US', 'timezone': 'America/New_York', 'postal': '20004', 'asn': {'route': '172.253.0.0/16', 'type': 'hosting', 'asn': 'AS15169', 'domain': 'google.com', 'name': 'Google LLC'}}",False,DNS
2023-03-18 00:45:14.1679100314,74.125.19.9,"{'generic_data': '0033.85900,-118.02285,03/18/23-00:45:03'}","{'loc': '35.7454,-81.6848', 'city': 'Morganton', 'ip': '74.125.19.9', 'region': 'North Carolina', 'timezone': 'America/New_York', 'country': 'US', 'org': 'AS15169 Google LLC', 'postal': '28680', 'asn': {'route': '74.125.0.0/16', 'type': 'hosting', 'asn': 'AS15169', 'domain': 'google.com', 'name': 'Google LLC'}}",False,DNS
2023-03-18 00:46:57.1679100417,66.75.177.9,"{'generic_data': 'AUTO,-70,Spectrum Free Trial'}","{'loc': '34.0298,-118.3528', 'city': 'Los Angeles', 'country': 'US', 'region': 'California', 'hostname': 'lsaica-dns-cac-306.socal.rr.com', 'timezone': 'America/Los_Angeles', 'ip': '66.75.177.9', 'org': 'AS20001 Charter Communications Inc', 'postal': '90016', 'asn': {'route': '66.75.0.0/16', 'type': 'isp', 'asn': 'AS20001', 'domain': 'charter.com', 'name': 'Charter Communications Inc'}}",False,DNS
2023-03-18 00:46:59.1679100419,66.75.177.12,"{'generic_data': '0033.85901,-118.01965,03/18/23-00:46:51'}","{'loc': '34.0298,-118.3528', 'city': 'Los Angeles', 'country': 'US', 'region': 'California', 'hostname': 'lsaica-dns-cac-309.socal.rr.com', 'timezone': 'America/Los_Angeles', 'ip': '66.75.177.12', 'org': 'AS20001 Charter Communications Inc', 'postal': '90016', 'asn': {'route': '66.75.0.0/16', 'type': 'isp', 'asn': 'AS20001', 'domain': 'charter.com', 'name': 'Charter Communications Inc'}}",False,DNS
2023-03-18 00:48:22.1679100502,66.75.177.13,"{'generic_data': 'WPA2,-69,Spectrum Free Trial'}","{'loc': '34.0298,-118.3528', 'city': 'Los Angeles', 'country': 'US', 'region': 'California', 'hostname': 'lsaica-dns-cac-310.socal.rr.com', 'timezone': 'America/Los_Angeles', 'ip': '66.75.177.13', 'org': 'AS20001 Charter Communications Inc', 'postal': '90016', 'asn': {'route': '66.75.0.0/16', 'type': 'isp', 'asn': 'AS20001', 'domain': 'charter.com', 'name': 'Charter Communications Inc'}}",False,DNS
2023-03-18 00:48:23.1679100503,66.75.177.15,"{'generic_data': '0033.85909,-118.01653,03/18/23-00:48:15'}","{'loc': '34.0298,-118.3528', 'org': 'AS20001 Charter Communications Inc', 'city': 'Los Angeles', 'country': 'US', 'region': 'California', 'hostname': 'lsaica-dns-cac-312.socal.rr.com', 'ip': '66.75.177.15', 'timezone': 'America/Los_Angeles', 'postal': '90016', 'asn': {'route': '66.75.0.0/16', 'type': 'isp', 'asn': 'AS20001', 'domain': 'charter.com', 'name': 'Charter Communications Inc'}}",False,DNS
2023-03-18 00:49:21.1679100561,66.75.177.11,"{'generic_data': 'WPA2,-83,Spectrum Free Trial'}","{'loc': '34.0298,-118.3528', 'org': 'AS20001 Charter Communications Inc', 'city': 'Los Angeles', 'country': 'US', 'region': 'California', 'hostname': 'lsaica-dns-cac-308.socal.rr.com', 'ip': '66.75.177.11', 'timezone': 'America/Los_Angeles', 'postal': '90016', 'asn': {'route': '66.75.0.0/16', 'type': 'isp', 'asn': 'AS20001', 'domain': 'charter.com', 'name': 'Charter Communications Inc'}}",False,DNS
2023-03-18 00:49:22.1679100562,66.75.177.4,"{'generic_data': '0033.85905,-118.01498,03/18/23-00:49:14'}","{'loc': '34.0298,-118.3528', 'city': 'Los Angeles', 'country': 'US', 'region': 'California', 'hostname': 'lsaica-dns-cac-301.socal.rr.com', 'timezone': 'America/Los_Angeles', 'ip': '66.75.177.4', 'org': 'AS20001 Charter Communications Inc', 'postal': '90016', 'asn': {'route': '66.75.0.0/16', 'type': 'isp', 'asn': 'AS20001', 'domain': 'charter.com', 'name': 'Charter Communications Inc'}}",False,DNS
2023-03-18 00:49:39.1679100579,66.75.177.5,"{'generic_data': '0033.85905,-118.01447,00/00/00-00:49:33'}","{'loc': '34.0298,-118.3528', 'city': 'Los Angeles', 'country': 'US', 'region': 'California', 'hostname': 'lsaica-dns-cac-302.socal.rr.com', 'timezone': 'America/Los_Angeles', 'ip': '66.75.177.5', 'org': 'AS20001 Charter Communications Inc', 'postal': '90016', 'asn': {'route': '66.75.0.0/16', 'type': 'isp', 'asn': 'AS20001', 'domain': 'charter.com', 'name': 'Charter Communications Inc'}}",False,DNS
2023-03-18 00:50:33.1679100633,66.75.177.6,"{'generic_data': 'WPA2,-86,Spectrum Free Trial'}","{'loc': '34.0298,-118.3528', 'org': 'AS20001 Charter Communications Inc', 'city': 'Los Angeles', 'country': 'US', 'region': 'California', 'hostname': 'lsaica-dns-cac-303.socal.rr.com', 'ip': '66.75.177.6', 'timezone': 'America/Los_Angeles', 'postal': '90016', 'asn': {'route': '66.75.0.0/16', 'type': 'isp', 'asn': 'AS20001', 'domain': 'charter.com', 'name': 'Charter Communications Inc'}}",False,DNS
2023-03-18 00:50:53.1679100653,66.75.177.12,"{'generic_data': '0033.85907,-118.01205,03/18/23-00:50:48'}","{'loc': '34.0298,-118.3528', 'city': 'Los Angeles', 'country': 'US', 'region': 'California', 'hostname': 'lsaica-dns-cac-309.socal.rr.com', 'timezone': 'America/Los_Angeles', 'ip': '66.75.177.12', 'org': 'AS20001 Charter Communications Inc', 'postal': '90016', 'asn': {'asn': 'AS20001', 'route': '66.75.0.0/16', 'type': 'isp', 'domain': 'charter.com', 'name': 'Charter Communications Inc'}}",False,DNS
2023-03-18 00:55:54.1679100954,66.75.177.14,"{'generic_data': '0033.85909,-118.00424,03/18/23-00:55:48'}","{'loc': '34.0298,-118.3528', 'org': 'AS20001 Charter Communications Inc', 'city': 'Los Angeles', 'country': 'US', 'region': 'California', 'hostname': 'lsaica-dns-cac-311.socal.rr.com', 'ip': '66.75.177.14', 'timezone': 'America/Los_Angeles', 'postal': '90016', 'asn': {'route': '66.75.0.0/16', 'type': 'isp', 'asn': 'AS20001', 'domain': 'charter.com', 'name': 'Charter Communications Inc'}}",False,DNS
2023-03-18 00:57:09.1679101029,66.75.177.8,"{'generic_data': 'WPA2,-78,Spectrum Free Trial'}","{'loc': '34.0298,-118.3528', 'city': 'Los Angeles', 'country': 'US', 'region': 'California', 'hostname': 'lsaica-dns-cac-305.socal.rr.com', 'timezone': 'America/Los_Angeles', 'ip': '66.75.177.8', 'org': 'AS20001 Charter Communications Inc', 'postal': '90016', 'asn': {'route': '66.75.0.0/16', 'type': 'isp', 'asn': 'AS20001', 'domain': 'charter.com', 'name': 'Charter Communications Inc'}}",False,DNS
2023-03-18 00:57:10.1679101030,66.75.177.8,"{'generic_data': '0033.85910,-118.00318,03/18/23-00:57:02'}","{'loc': '34.0298,-118.3528', 'org': 'AS20001 Charter Communications Inc', 'city': 'Los Angeles', 'country': 'US', 'region': 'California', 'hostname': 'lsaica-dns-cac-305.socal.rr.com', 'ip': '66.75.177.8', 'timezone': 'America/Los_Angeles', 'postal': '90016', 'asn': {'route': '66.75.0.0/16', 'type': 'isp', 'asn': 'AS20001', 'domain': 'charter.com', 'name': 'Charter Communications Inc'}}",False,DNS
2023-03-18 00:58:04.1679101084,66.75.177.9,"{'generic_data': '0033.85912,-118.00259,03/18/23-00:57:56'}","{'loc': '34.0298,-118.3528', 'org': 'AS20001 Charter Communications Inc', 'city': 'Los Angeles', 'country': 'US', 'region': 'California', 'hostname': 'lsaica-dns-cac-306.socal.rr.com', 'ip': '66.75.177.9', 'timezone': 'America/Los_Angeles', 'postal': '90016', 'asn': {'route': '66.75.0.0/16', 'type': 'isp', 'asn': 'AS20001', 'domain': 'charter.com', 'name': 'Charter Communications Inc'}}",False,DNS
2023-03-18 00:58:53.1679101133,66.75.177.15,"{'generic_data': '0033.85933,-118.00208,03/18/23-00:58:48'}","{'loc': '34.0298,-118.3528', 'org': 'AS20001 Charter Communications Inc', 'city': 'Los Angeles', 'country': 'US', 'region': 'California', 'hostname': 'lsaica-dns-cac-312.socal.rr.com', 'ip': '66.75.177.15', 'timezone': 'America/Los_Angeles', 'postal': '90016', 'asn': {'route': '66.75.0.0/16', 'type': 'isp', 'asn': 'AS20001', 'domain': 'charter.com', 'name': 'Charter Communications Inc'}}",False,DNS
2023-03-18 00:59:24.1679101164,204.194.237.28,"{'generic_data': '0033.85949,-118.00191,03/18/23-00:58:58'}","{'loc': '34.0522,-118.2437', 'org': 'AS36692 Cisco OpenDNS, LLC', 'city': 'Los Angeles', 'country': 'US', 'region': 'California', 'hostname': 'r3005.compute.lax1.edc.strln.net', 'ip': '204.194.237.28', 'timezone': 'America/Los_Angeles', 'postal': '90009', 'asn': {'route': '204.194.237.0/24', 'type': 'isp', 'asn': 'AS36692', 'domain': 'opendns.com', 'name': 'Cisco OpenDNS, LLC'}}",False,DNS
2023-03-18 00:59:26.1679101166,208.69.34.71,{},"{'loc': '51.5085,-0.1257', 'city': 'London', 'country': 'GB', 'region': 'England', 'hostname': 'm45.lon.opendns.com', 'timezone': 'Europe/London', 'ip': '208.69.34.71', 'org': 'AS36692 Cisco OpenDNS, LLC', 'postal': 'EC1A', 'asn': {'route': '208.69.34.0/24', 'type': 'isp', 'asn': 'AS36692', 'domain': 'opendns.com', 'name': 'Cisco OpenDNS, LLC'}}",False,DNS
2023-03-18 00:59:27.1679101167,204.194.237.207,"{'generic_data': '0033.85949,-118.00191,03/18/23-00:58:58'}","{'loc': '34.0522,-118.2437', 'city': 'Los Angeles', 'country': 'US', 'region': 'California', 'hostname': 'r1.lax.compute.lax1.edc.strln.net', 'timezone': 'America/Los_Angeles', 'ip': '204.194.237.207', 'org': 'AS36692 Cisco OpenDNS, LLC', 'postal': '90009', 'asn': {'route': '204.194.237.0/24', 'type': 'isp', 'asn': 'AS36692', 'domain': 'opendns.com', 'name': 'Cisco OpenDNS, LLC'}}",False,DNS
2023-03-18 01:00:34.1679101234,67.215.85.69,"{'generic_data': '0033.85999,-118.00180,00/00/00-01:00:10'}","{'loc': '49.2603,-123.1460', 'city': 'Vancouver', 'country': 'CA', 'region': 'British Columbia', 'hostname': 'm37.yvr.opendns.com', 'timezone': 'America/Vancouver', 'ip': '67.215.85.69', 'org': 'AS36692 Cisco OpenDNS, LLC', 'postal': 'V6J', 'asn': {'route': '67.215.85.0/24', 'type': 'isp', 'asn': 'AS36692', 'domain': 'opendns.com', 'name': 'Cisco OpenDNS, LLC'}}",False,DNS
2023-03-18 01:00:35.1679101235,172.253.194.138,"{'generic_data': '0033.85999,-118.00180,00/00/00-01:00:10'}","{'loc': '41.6005,-93.6091', 'org': 'AS15169 Google LLC', 'city': 'Des Moines', 'ip': '172.253.194.138', 'region': 'Iowa', 'country': 'US', 'timezone': 'America/Chicago', 'postal': '50307', 'asn': {'route': '172.253.0.0/16', 'type': 'hosting', 'asn': 'AS15169', 'domain': 'google.com', 'name': 'Google LLC'}}",False,DNS
2023-03-18 01:00:37.1679101237,208.69.34.73,{},"{'loc': '51.5085,-0.1257', 'org': 'AS36692 Cisco OpenDNS, LLC', 'city': 'London', 'country': 'GB', 'region': 'England', 'hostname': 'm53.lon.opendns.com', 'ip': '208.69.34.73', 'timezone': 'Europe/London', 'postal': 'EC1A', 'asn': {'route': '208.69.34.0/24', 'type': 'isp', 'asn': 'AS36692', 'domain': 'opendns.com', 'name': 'Cisco OpenDNS, LLC'}}",False,DNS
2023-03-18 01:00:38.1679101238,204.194.237.29,"{'generic_data': '0033.85999,-118.00180,00/00/00-01:00:10'}","{'loc': '34.0522,-118.2437', 'org': 'AS36692 Cisco OpenDNS, LLC', 'city': 'Los Angeles', 'country': 'US', 'region': 'California', 'hostname': 'r2001.compute.lax1.edc.strln.net', 'ip': '204.194.237.29', 'timezone': 'America/Los_Angeles', 'postal': '90009', 'asn': {'route': '204.194.237.0/24', 'type': 'isp', 'asn': 'AS36692', 'domain': 'opendns.com', 'name': 'Cisco OpenDNS, LLC'}}",False,DNS
2023-03-18 01:00:39.1679101239,204.194.237.207,"{'generic_data': '0033.85999,-118.00180,00/00/00-01:00:10'}","{'loc': '34.0522,-118.2437', 'org': 'AS36692 Cisco OpenDNS, LLC', 'city': 'Los Angeles', 'country': 'US', 'region': 'California', 'hostname': 'r1.lax.compute.lax1.edc.strln.net', 'ip': '204.194.237.207', 'timezone': 'America/Los_Angeles', 'postal': '90009', 'asn': {'route': '204.194.237.0/24', 'type': 'isp', 'asn': 'AS36692', 'domain': 'opendns.com', 'name': 'Cisco OpenDNS, LLC'}}",False,DNS
2023-03-18 01:00:42.1679101242,204.194.237.207,"{'generic_data': '0033.85999,-118.00180,00/00/00-01:00:10'}","{'loc': '34.0522,-118.2437', 'city': 'Los Angeles', 'country': 'US', 'region': 'California', 'hostname': 'r1.lax.compute.lax1.edc.strln.net', 'timezone': 'America/Los_Angeles', 'ip': '204.194.237.207', 'org': 'AS36692 Cisco OpenDNS, LLC', 'postal': '90009', 'asn': {'route': '204.194.237.0/24', 'type': 'isp', 'asn': 'AS36692', 'domain': 'opendns.com', 'name': 'Cisco OpenDNS, LLC'}}",False,DNS
2023-03-18 01:00:43.1679101243,204.194.237.74,"{'generic_data': '0033.85999,-118.00180,00/00/00-01:00:10'}","{'loc': '34.0522,-118.2437', 'city': 'Los Angeles', 'country': 'US', 'region': 'California', 'hostname': 'm55.lax.opendns.com', 'timezone': 'America/Los_Angeles', 'ip': '204.194.237.74', 'org': 'AS36692 Cisco OpenDNS, LLC', 'postal': '90009', 'asn': {'route': '204.194.237.0/24', 'type': 'isp', 'asn': 'AS36692', 'domain': 'opendns.com', 'name': 'Cisco OpenDNS, LLC'}}",False,DNS
2023-03-18 01:07:59.1679101679,98.145.34.176,"{'generic_data': 'AUTO,-76,Spectrum Free Trial'}","{'loc': '34.0522,-118.2437', 'city': 'Los Angeles', 'country': 'US', 'region': 'California', 'hostname': 'irvocafl-dns-cac-312.socal.rr.com', 'timezone': 'America/Los_Angeles', 'ip': '98.145.34.176', 'org': 'AS19115 Charter Communications', 'postal': '90009', 'asn': {'route': '98.145.32.0/22', 'type': 'isp', 'asn': 'AS19115', 'domain': 'charter.com', 'name': 'Charter Communications'}}",False,DNS
2023-03-18 01:08:00.1679101680,66.75.177.7,"{'generic_data': '0033.86019,-118.00183,03/18/23-01:07:42'}","{'loc': '34.0298,-118.3528', 'city': 'Los Angeles', 'country': 'US', 'region': 'California', 'hostname': 'lsaica-dns-cac-304.socal.rr.com', 'timezone': 'America/Los_Angeles', 'ip': '66.75.177.7', 'org': 'AS20001 Charter Communications Inc', 'postal': '90016', 'asn': {'route': '66.75.0.0/16', 'type': 'isp', 'asn': 'AS20001', 'domain': 'charter.com', 'name': 'Charter Communications Inc'}}",False,DNS
2023-03-18 01:08:23.1679101703,66.75.177.13,"{'generic_data': 'WPA2,-83,Spectrum Free Trial'}","{'loc': '34.0298,-118.3528', 'org': 'AS20001 Charter Communications Inc', 'city': 'Los Angeles', 'country': 'US', 'region': 'California', 'hostname': 'lsaica-dns-cac-310.socal.rr.com', 'ip': '66.75.177.13', 'timezone': 'America/Los_Angeles', 'postal': '90016', 'asn': {'route': '66.75.0.0/16', 'type': 'isp', 'asn': 'AS20001', 'domain': 'charter.com', 'name': 'Charter Communications Inc'}}",False,DNS
2023-03-18 01:08:24.1679101704,66.75.177.13,"{'generic_data': '0033.85949,-118.00143,03/18/23-01:08:18'}","{'loc': '34.0298,-118.3528', 'city': 'Los Angeles', 'country': 'US', 'region': 'California', 'hostname': 'lsaica-dns-cac-310.socal.rr.com', 'timezone': 'America/Los_Angeles', 'ip': '66.75.177.13', 'org': 'AS20001 Charter Communications Inc', 'postal': '90016', 'asn': {'route': '66.75.0.0/16', 'type': 'isp', 'asn': 'AS20001', 'domain': 'charter.com', 'name': 'Charter Communications Inc'}}",False,DNS
2023-03-18 01:10:01.1679101801,66.75.177.3,"{'generic_data': 'AUTO,-90,Spectrum Free Trial'}","{'loc': '34.0298,-118.3528', 'org': 'AS20001 Charter Communications Inc', 'city': 'Los Angeles', 'country': 'US', 'region': 'California', 'hostname': 'lsaica-dns-cac-300.socal.rr.com', 'ip': '66.75.177.3', 'timezone': 'America/Los_Angeles', 'postal': '90016', 'asn': {'route': '66.75.0.0/16', 'type': 'isp', 'asn': 'AS20001', 'domain': 'charter.com', 'name': 'Charter Communications Inc'}}",False,DNS
2023-03-18 01:10:02.1679101802,66.75.177.3,"{'generic_data': '0033.85926,-118.00139,03/18/23-01:09:54'}","{'loc': '34.0298,-118.3528', 'city': 'Los Angeles', 'country': 'US', 'region': 'California', 'hostname': 'lsaica-dns-cac-300.socal.rr.com', 'timezone': 'America/Los_Angeles', 'ip': '66.75.177.3', 'org': 'AS20001 Charter Communications Inc', 'postal': '90016', 'asn': {'route': '66.75.0.0/16', 'type': 'isp', 'asn': 'AS20001', 'domain': 'charter.com', 'name': 'Charter Communications Inc'}}",False,DNS
2023-03-18 01:10:36.1679101836,66.75.177.11,"{'generic_data': '0033.85915,-118.00124,03/18/23-01:10:29'}","{'loc': '34.0298,-118.3528', 'org': 'AS20001 Charter Communications Inc', 'city': 'Los Angeles', 'country': 'US', 'region': 'California', 'hostname': 'lsaica-dns-cac-308.socal.rr.com', 'ip': '66.75.177.11', 'timezone': 'America/Los_Angeles', 'postal': '90016', 'asn': {'route': '66.75.0.0/16', 'type': 'isp', 'asn': 'AS20001', 'domain': 'charter.com', 'name': 'Charter Communications Inc'}}",False,DNS
2023-03-18 01:16:42.1679102202,12.121.117.181,"{'generic_data': 'WPA2,-62,VR Universe'}","{'loc': '33.6829,-117.8298', 'city': 'Irvine', 'ip': '12.121.117.181', 'region': 'California', 'timezone': 'America/Los_Angeles', 'country': 'US', 'org': 'AS7018 AT&T Services, Inc.', 'postal': '92614', 'asn': {'route': '12.0.0.0/9', 'type': 'isp', 'asn': 'AS7018', 'domain': 'att.com', 'name': 'AT&T Services, Inc.'}}",False,DNS
2023-03-18 01:16:43.1679102203,12.121.89.164,"{'generic_data': 'WPA2,-62,VR Universe'}","{'loc': '34.0522,-118.2437', 'org': 'AS7018 AT&T Services, Inc.', 'city': 'Los Angeles', 'ip': '12.121.89.164', 'region': 'California', 'country': 'US', 'timezone': 'America/Los_Angeles', 'postal': '90009', 'asn': {'route': '12.0.0.0/9', 'type': 'isp', 'asn': 'AS7018', 'domain': 'att.com', 'name': 'AT&T Services, Inc.'}}",False,DNS
2023-03-18 01:16:44.1679102204,12.121.89.172,"{'generic_data': '0033.85930,-117.99762,03/18/23-01:16:33'}","{'loc': '34.0522,-118.2437', 'org': 'AS7018 AT&T Services, Inc.', 'city': 'Los Angeles', 'ip': '12.121.89.172', 'region': 'California', 'country': 'US', 'timezone': 'America/Los_Angeles', 'postal': '90009', 'asn': {'route': '12.0.0.0/9', 'type': 'isp', 'asn': 'AS7018', 'domain': 'att.com', 'name': 'AT&T Services, Inc.'}}",False,DNS
2023-03-18 01:16:47.1679102207,12.121.89.181,"{'generic_data': 'WPA2,-62,VR Universe'}","{'loc': '34.0522,-118.2437', 'org': 'AS7018 AT&T Services, Inc.', 'city': 'Los Angeles', 'ip': '12.121.89.181', 'region': 'California', 'country': 'US', 'timezone': 'America/Los_Angeles', 'postal': '90009', 'asn': {'route': '12.0.0.0/9', 'type': 'isp', 'asn': 'AS7018', 'domain': 'att.com', 'name': 'AT&T Services, Inc.'}}",False,DNS
2023-03-18 01:16:48.1679102208,151.164.110.13,"{'generic_data': '0033.85930,-117.99762,03/18/23-01:16:33'}","{'loc': '37.3394,-121.8950', 'city': 'San Jose', 'ip': '151.164.110.13', 'region': 'California', 'timezone': 'America/Los_Angeles', 'country': 'US', 'org': 'AS7018 AT&T Services, Inc.', 'postal': '95103', 'asn': {'route': '151.164.0.0/16', 'type': 'isp', 'asn': 'AS7018', 'domain': 'att.com', 'name': 'AT&T Services, Inc.'}}",False,DNS
2023-03-18 01:20:22.1679102422,12.121.116.215,"{'generic_data': 'WPA2,-56,WAFINTERNATIONAL-guest'}","{'loc': '34.0522,-118.2437', 'city': 'Los Angeles', 'country': 'US', 'region': 'California', 'hostname': 'iracadbc107.iraca.sbcglobal.net', 'timezone': 'America/Los_Angeles', 'ip': '12.121.116.215', 'org': 'AS7018 AT&T Services, Inc.', 'postal': '90009', 'asn': {'route': '12.0.0.0/9', 'type': 'isp', 'asn': 'AS7018', 'domain': 'att.com', 'name': 'AT&T Services, Inc.'}}",False,DNS
2023-03-18 01:20:23.1679102423,12.121.116.219,"{'generic_data': '0033.85931,-117.99746,03/18/23-01:20:13'}","{'loc': '34.0522,-118.2437', 'city': 'Los Angeles', 'country': 'US', 'region': 'California', 'hostname': 'iracadbc111.iraca.sbcglobal.net', 'timezone': 'America/Los_Angeles', 'ip': '12.121.116.219', 'org': 'AS7018 AT&T Services, Inc.', 'postal': '90009', 'asn': {'route': '12.0.0.0/9', 'type': 'isp', 'asn': 'AS7018', 'domain': 'att.com', 'name': 'AT&T Services, Inc.'}}",False,DNS
2023-03-18 01:20:44.1679102444,12.121.116.216,"{'generic_data': '0033.86003,-117.99777,03/18/23-01:20:36'}","{'loc': '34.0522,-118.2437', 'city': 'Los Angeles', 'country': 'US', 'region': 'California', 'hostname': 'iracadbc108.iraca.sbcglobal.net', 'timezone': 'America/Los_Angeles', 'ip': '12.121.116.216', 'org': 'AS7018 AT&T Services, Inc.', 'postal': '90009', 'asn': {'asn': 'AS7018', 'route': '12.0.0.0/9', 'type': 'isp', 'domain': 'att.com', 'name': 'AT&T Services, Inc.'}}",False,DNS
